<?xml version="1.0" encoding="UTF-8"?>
<!DOCTYPE suite SYSTEM "http://testng.org/testng-1.0.dtd">
<suite name="Suite">
  <test thread-count="5" name="Coal">
    <classes>
    <class name="adminTestCases.LoginTC"/>
     <class name="adminTestCases.BaseMasterTC"/>
      <class name="adminTestCases.ProductFamilyGroupTC"/>
      <class name="adminTestCases.OperationWorkCenterTC"/>
      <class name="adminTestCases.ManufacturingRelationshipTC"/>
       <class name="adminTestCases.RoutingTC"/>
       <class name="adminTestCases.CreateNewModelTC"/>
       
     </classes>
  </test> <!-- Test -->
</suite> <!-- Suite -->
