<?xml version="1.0" encoding="UTF-8"?>
<!DOCTYPE suite SYSTEM "http://testng.org/testng-1.0.dtd">
<suite name="Suite">
  <test thread-count="5" name="Test">
    <classes>
    <class name="adminTestCases.LoginTC"> </class>
     <class name="adminTestCases.BaseMasterTC"> </class>
      <class name="adminTestCases.ProductFamilyGroupTC"> </class>
      <class name="adminTestCases.OperationWorkCenterTC"> </class>
      <class name="adminTestCases.ManufacturingRelationshipTC"> </class>
       <class name="adminTestCases.RoutingTC"> </class>
       <class name="adminTestCases.CreateNewModelTC"> </class>
       <class name="utilis.Reports"> </class>
     </classes>
  </test> <!-- Test -->
</suite> <!-- Suite -->
