<?xml version="1.0" encoding="UTF-8"?>
<!DOCTYPE suite SYSTEM "http://testng.org/testng-1.0.dtd">
<suite name="Suite">
  <test thread-count="5" name="Coal">
    <classes>
    <class name="adminTestCases.TC_01"/>
     <class name="adminTestCases.TC_02"/>
     <class name="adminTestCases.TC_03"/>
     <class name="adminTestCases.TC_04"/>
     <class name="adminTestCases.TC_05"/>
     <class name="adminTestCases.TC_06"/>
     <class name="adminTestCases.TC_07"/>
    </classes>
  </test> <!-- Test -->
</suite> <!-- Suite -->
